Workbook

Sheet Summary
A1: Nordea TECH-4447 - Total published content (NIFSA + NAM Global)
A2: Production database, 6 Oct 2026. All figures calculate from the 'Per-site breakdown' sheet.
A4: Group | B4: Sites | C4: Pages only | D4: Published items (incl. engine) | E4: Published items (excl. engine)
A5: NIFSA | B5: =COUNTIF('Per-site breakdown'!$F$5:$F$39,A5) -> 34 | C5: =SUMIFS('Per-site breakdown'!$G$5:$G$39,'Per-site breakdown'!$F$5:$F$39,A5) -> 771 | D5: =SUMIFS('Per-site breakdown'!$J$5:$J$39,'Per-site breakdown'!$F$5:$F$39,A5) -> 6320 | E5: =SUMIFS('Per-site breakdown'!$H$5:$H$39,'Per-site breakdown'!$F$5:$F$39,A5) -> 5707
A6: NAM Global | B6: =COUNTIF('Per-site breakdown'!$F$5:$F$39,A6) -> 1 | C6: =SUMIFS('Per-site breakdown'!$G$5:$G$39,'Per-site breakdown'!$F$5:$F$39,A6) -> 24 | D6: =SUMIFS('Per-site breakdown'!$J$5:$J$39,'Per-site breakdown'!$F$5:$F$39,A6) -> 238 | E6: =SUMIFS('Per-site breakdown'!$H$5:$H$39,'Per-site breakdown'!$F$5:$F$39,A6) -> 217
A7: Total | B7: =SUM(B5:B6) -> 35 | C7: =SUM(C5:C6) -> 795 | D7: =SUM(D5:D6) -> 6558 | E7: =SUM(E5:E6) -> 5924
A9: Comparison with Jul-24 (figures quoted by Nordea in the ticket, not reproduced from the database)
A10: Group | B10: Jul-24 (Nordea) | C10: Now (incl. engine) | D10: Difference | E10: Change %
A11: NIFSA | B11: 7291 | C11: =D5 -> 6320 | D11: =C11-B11 -> -971 | E11: =IF(B11=0,0,D11/B11) -> -0.13317789
A12: NAM Global | B12: 236 | C12: =D6 -> 238 | D12: =C12-B12 -> 2 | E12: =IF(B12=0,0,D12/B12) -> 0.0084745763
A13: Total | B13: =SUM(B11:B12) -> 7527 | C13: =SUM(C11:C12) -> 6558 | D13: =C13-B13 -> -969 | E13: =IF(B13=0,0,D13/B13) -> -0.12873655
A15: NIFSA by country
A16: Country | B16: Sites | C16: Pages only | D16: Published items (incl. engine) | E16: Published items (excl. engine)
A17: AT | B17: =COUNTIF('Per-site breakdown'!$A$5:$A$39,A17) -> 2 | C17: =SUMIFS('Per-site breakdown'!$G$5:$G$39,'Per-site breakdown'!$A$5:$A$39,A17) -> 46 | D17: =SUMIFS('Per-site breakdown'!$J$5:$J$39,'Per-site breakdown'!$A$5:$A$39,A17) -> 263 | E17: =SUMIFS('Per-site breakdown'!$H$5:$H$39,'Per-site breakdown'!$A$5:$A$39,A17) -> 227
A18: BE | B18: =COUNTIF('Per-site breakdown'!$A$5:$A$39,A18) -> 4 | C18: =SUMIFS('Per-site breakdown'!$G$5:$G$39,'Per-site breakdown'!$A$5:$A$39,A18) -> 76 | D18: =SUMIFS('Per-site breakdown'!$J$5:$J$39,'Per-site breakdown'!$A$5:$A$39,A18) -> 636 | E18: =SUMIFS('Per-site breakdown'!$H$5:$H$39,'Per-site breakdown'!$A$5:$A$39,A18) -> 564
A19: CH | B19: =COUNTIF('Per-site breakdown'!$A$5:$A$39,A19) -> 6 | C19: =SUMIFS('Per-site breakdown'!$G$5:$G$39,'Per-site breakdown'!$A$5:$A$39,A19) -> 139 | D19: =SUMIFS('Per-site breakdown'!$J$5:$J$39,'Per-site breakdown'!$A$5:$A$39,A19) -> 1210 | E19: =SUMIFS('Per-site breakdown'!$H$5:$H$39,'Per-site breakdown'!$A$5:$A$39,A19) -> 1102
A20: DE | B20: =COUNTIF('Per-site breakdown'!$A$5:$A$39,A20) -> 2 | C20: =SUMIFS('Per-site breakdown'!$G$5:$G$39,'Per-site breakdown'!$A$5:$A$39,A20) -> 49 | D20: =SUMIFS('Per-site breakdown'!$J$5:$J$39,'Per-site breakdown'!$A$5:$A$39,A20) -> 396 | E20: =SUMIFS('Per-site breakdown'!$H$5:$H$39,'Per-site breakdown'!$A$5:$A$39,A20) -> 360
A21: ES | B21: =COUNTIF('Per-site breakdown'!$A$5:$A$39,A21) -> 2 | C21: =SUMIFS('Per-site breakdown'!$G$5:$G$39,'Per-site breakdown'!$A$5:$A$39,A21) -> 48 | D21: =SUMIFS('Per-site breakdown'!$J$5:$J$39,'Per-site breakdown'!$A$5:$A$39,A21) -> 403 | E21: =SUMIFS('Per-site breakdown'!$H$5:$H$39,'Per-site breakdown'!$A$5:$A$39,A21) -> 367
A22: FR | B22: =COUNTIF('Per-site breakdown'!$A$5:$A$39,A22) -> 2 | C22: =SUMIFS('Per-site breakdown'!$G$5:$G$39,'Per-site breakdown'!$A$5:$A$39,A22) -> 46 | D22: =SUMIFS('Per-site breakdown'!$J$5:$J$39,'Per-site breakdown'!$A$5:$A$39,A22) -> 372 | E22: =SUMIFS('Per-site breakdown'!$H$5:$H$39,'Per-site breakdown'!$A$5:$A$39,A22) -> 336
A23: IT | B23: =COUNTIF('Per-site breakdown'!$A$5:$A$39,A23) -> 2 | C23: =SUMIFS('Per-site breakdown'!$G$5:$G$39,'Per-site breakdown'!$A$5:$A$39,A23) -> 49 | D23: =SUMIFS('Per-site breakdown'!$J$5:$J$39,'Per-site breakdown'!$A$5:$A$39,A23) -> 427 | E23: =SUMIFS('Per-site breakdown'!$H$5:$H$39,'Per-site breakdown'!$A$5:$A$39,A23) -> 391
A24: LU | B24: =COUNTIF('Per-site breakdown'!$A$5:$A$39,A24) -> 6 | C24: =SUMIFS('Per-site breakdown'!$G$5:$G$39,'Per-site breakdown'!$A$5:$A$39,A24) -> 139 | D24: =SUMIFS('Per-site breakdown'!$J$5:$J$39,'Per-site breakdown'!$A$5:$A$39,A24) -> 1266 | E24: =SUMIFS('Per-site breakdown'!$H$5:$H$39,'Per-site breakdown'!$A$5:$A$39,A24) -> 1157
A25: NL | B25: =COUNTIF('Per-site breakdown'!$A$5:$A$39,A25) -> 2 | C25: =SUMIFS('Per-site breakdown'!$G$5:$G$39,'Per-site breakdown'!$A$5:$A$39,A25) -> 47 | D25: =SUMIFS('Per-site breakdown'!$J$5:$J$39,'Per-site breakdown'!$A$5:$A$39,A25) -> 300 | E25: =SUMIFS('Per-site breakdown'!$H$5:$H$39,'Per-site breakdown'!$A$5:$A$39,A25) -> 264
A26: PT | B26: =COUNTIF('Per-site breakdown'!$A$5:$A$39,A26) -> 2 | C26: =SUMIFS('Per-site breakdown'!$G$5:$G$39,'Per-site breakdown'!$A$5:$A$39,A26) -> 50 | D26: =SUMIFS('Per-site breakdown'!$J$5:$J$39,'Per-site breakdown'!$A$5:$A$39,A26) -> 368 | E26: =SUMIFS('Per-site breakdown'!$H$5:$H$39,'Per-site breakdown'!$A$5:$A$39,A26) -> 332
A27: SG | B27: =COUNTIF('Per-site breakdown'!$A$5:$A$39,A27) -> 2 | C27: =SUMIFS('Per-site breakdown'!$G$5:$G$39,'Per-site breakdown'!$A$5:$A$39,A27) -> 35 | D27: =SUMIFS('Per-site breakdown'!$J$5:$J$39,'Per-site breakdown'!$A$5:$A$39,A27) -> 258 | E27: =SUMIFS('Per-site breakdown'!$H$5:$H$39,'Per-site breakdown'!$A$5:$A$39,A27) -> 222
A28: UK | B28: =COUNTIF('Per-site breakdown'!$A$5:$A$39,A28) -> 2 | C28: =SUMIFS('Per-site breakdown'!$G$5:$G$39,'Per-site breakdown'!$A$5:$A$39,A28) -> 47 | D28: =SUMIFS('Per-site breakdown'!$J$5:$J$39,'Per-site breakdown'!$A$5:$A$39,A28) -> 421 | E28: =SUMIFS('Per-site breakdown'!$H$5:$H$39,'Per-site breakdown'!$A$5:$A$39,A28) -> 385
A29: NIFSA total | B29: =SUM(B17:B28) -> 34 | C29: =SUM(C17:C28) -> 771 | D29: =SUM(D17:D28) -> 6320 | E29: =SUM(E17:E28) -> 5707
A31: Definitions and open points
A32: Pages only = published 'page' posts. Published items = pages, posts, team, locations, image-boxes and kurtosys-engine items.
A33: Open: ticket title says 'pages' but the body says 'published items'. Confirm the definition with the requester before reporting.
A34: Open: the Jul-24 figures are Nordea's own; their counting method is unknown, so the NIFSA gap cannot be explained from this data.
A35: Out of scope: site 1 (network root) and site 38 (/advisory/) were excluded.

Sheet Per-site breakdown
A1: Nordea (TECH-4447) - Published content by site, production (vxecrqkebc_prd)
A2: Counts taken 6 Oct 2026 from post_status = 'publish'. Blue = values taken from query output; black = formulas.
A4: Domain | B4: Site ID | C4: Link path | D4: Investor type | E4: Language | F4: Group | G4: Pages | H4: Core content items | I4: Engine items | J4: Total published items
A5: AT | B5: 11 | C5: /at/de/professional | D5: Professional | E5: de | F5: NIFSA | G5: 25 | H5: 142 | I5: 19 | J5: =H5+I5 -> 161
A6: AT | B6: 12 | C6: /at/de/private | D6: Private | E6: de | F6: NIFSA | G6: 21 | H6: 85 | I6: 17 | J6: =H6+I6 -> 102
A7: BE | B7: 15 | C7: /be/fr/professional | D7: Professional | E7: fr | F7: NIFSA | G7: 26 | H7: 235 | I7: 19 | J7: =H7+I7 -> 254
A8: BE | B8: 16 | C8: /be/fr/private | D8: Private | E8: fr | F8: NIFSA | G8: 12 | H8: 71 | I8: 17 | J8: =H8+I8 -> 88
A9: BE | B9: 13 | C9: /be/nl/professional | D9: Professional | E9: nl | F9: NIFSA | G9: 26 | H9: 187 | I9: 19 | J9: =H9+I9 -> 206
A10: BE | B10: 14 | C10: /be/nl/private | D10: Private | E10: nl | F10: NIFSA | G10: 12 | H10: 71 | I10: 17 | J10: =H10+I10 -> 88
A11: CH | B11: 27 | C11: /ch/en/professional | D11: Professional | E11: en | F11: NIFSA | G11: 25 | H11: 296 | I11: 19 | J11: =H11+I11 -> 315
A12: CH | B12: 35 | C12: /ch/en/private | D12: Private | E12: en | F12: NIFSA | G12: 21 | H12: 107 | I12: 17 | J12: =H12+I12 -> 124
A13: CH | B13: 30 | C13: /ch/de/professional | D13: Professional | E13: de | F13: NIFSA | G13: 25 | H13: 265 | I13: 19 | J13: =H13+I13 -> 284
A14: CH | B14: 31 | C14: /ch/de/private | D14: Private | E14: de | F14: NIFSA | G14: 22 | H14: 90 | I14: 17 | J14: =H14+I14 -> 107
A15: CH | B15: 28 | C15: /ch/fr/professional | D15: Professional | E15: fr | F15: NIFSA | G15: 25 | H15: 254 | I15: 19 | J15: =H15+I15 -> 273
A16: CH | B16: 29 | C16: /ch/fr/private | D16: Private | E16: fr | F16: NIFSA | G16: 21 | H16: 90 | I16: 17 | J16: =H16+I16 -> 107
... A39: NAM Global | B39: 4 | C39: /nordeaassetmanagement | D39: Global | E39: en | F39: NAM Global | G39: 24 | H39: 217 | I39: 21 | J39: =H39+I39 -> 238
A40: Total (all sites) | G40: =SUM(G5:G39) -> 795 | H40: =SUM(H5:H39) -> 5924 | I40: =SUM(I5:I39) -> 634 | J40: =SUM(J5:J39) -> 6558
A42: Notes
A43: Core content items = published page, post, nordea-team, nordea-locations and image-boxes.
A44: Engine items = published kurtosys-engine items (plugin content). Total published items = core + engine.
A45: Excluded: media, revisions, menus, Elementor templates and other config post types.
A46: Out of scope: site 1 (network root) and site 38 (/advisory/) are not in the ticket's domain list; confirm with the requester.
